x1,x2,x3,y
0.43091937951898385,-0.662980976753379,-0.9587728841211938,-6.195178828863666
0.08759887593180049,1.0,-0.3576924030847921,9.873481898830674
1.0,-0.23617589658893823,0.1626738833583652,5.1953484724471
-1.0,-0.4197032207549163,0.5370001575966603,-0.4894011696693951
0.5916868876805272,1.0,-1.0,8.46799282971655
0.2960972524479686,-0.5872138924053161,-0.5318952314168965,0.7379060830078265
0.9681808855616776,0.3391968918148842,-0.4891408764673262,4.850500970525038
-0.5405413991497339,-0.708209564079006,-0.49746232048479877,2.118443017661132
-0.3398365964472392,0.06924612166147948,-0.39218166367381335,0.0664127940056211
-1.0,-1.0,-0.22997109026034934,5.437185721043109
-0.03704168172714306,-0.9633353811700531,0.21258703592420836,1.6816705726780716
-1.0,1.0,0.9756885609328341,14.61759526021819
-0.3774896257479281,0.24069026356640588,-0.7484665686289933,0.0004615948668469372
-1.0,0.4008948501486538,-0.24453192940551172,-2.663217165890437
0.3062487547234072,0.8219202398794931,0.07567968957705684,2.6315943890530162
0.14245410253177204,0.0984726720098903,-1.0,-3.237681796887776
1.0,-0.09049557021834964,-0.4015696961444244,3.9941403395042308
0.40758850826785964,-0.4938376723660227,0.7024808944319032,0.5286320872605471
0.019339716241241645,0.4073357368363051,-0.2583631545378766,0.34524014038529943
-0.861167701893103,0.8684435066503382,0.49723320963235396,-0.5544520548237334
1.0,0.7108280615600815,1.0,25.574191393728146
1.0,-0.25870520581990175,0.8867115543707911,8.139854594363559
0.10811221590546838,-0.6313414666834642,0.14722302624266992,1.1778787175144587
-1.0,0.33111891581403285,-0.08820910361693657,-3.2886182399782196
-0.6552308967467726,0.5612249013367958,0.0920515073685475,-2.606439722364873
-0.37662289362868595,-0.18606872390599638,0.8182502046113125,0.2808936964972678
-0.37140164190225033,-0.0316912111278187,0.05491746161916544,-0.06933209600316302
-0.5827348688973639,0.635713611345414,1.0,5.544051971370857
1.0,-1.0,-0.21327599395106178,-9.290072736267346
-0.06757660851011615,-0.42277155132814426,0.6429999052605249,1.3135649392181008
-0.4260045524257545,1.0,-1.0,0.9979127916179503
0.5323575467547816,-0.42306503141791785,-1.0,-4.541194559264628
-0.4086600664112159,0.6277336083695724,-0.38776249563356013,-0.9622607786034024
0.1559228289941028,-0.42907651081757914,0.03908709088397666,0.9196482427681985
0.3468318576613729,0.18191750163328302,-0.07711286841179765,0.35201696836141394
-0.5099473940766974,0.6417986288116955,-1.0,-2.363381237201719
1.0,-1.0,1.0,-9.32862021881676
-0.04141892739487507,-0.4993749395257039,-0.1133027426117732,0.9992211626468281
1.0,-0.27218936138236316,0.6314334576583833,6.398398637288814
0.22498640991117114,-0.5036005933128522,0.42581079461757954,0.7304386635768231
0.7510399936253676,-0.1620872018473416,-0.21386909089579875,2.5727412662242006
0.046089844781510125,-0.8746012738949198,-1.0,-11.571352789584017
0.7199821879758859,-1.0,0.06570513987924254,-1.7718537620731725
0.3002924175108106,0.4593655878879477,-0.31706973170208785,1.5796724024943751
-1.0,0.7623829279547432,1.0,10.943558162938023
-1.0,-1.0,0.570354673920664,13.15035420724366
-0.5079826442299116,-0.7603971499354389,0.9628807629661769,0.42223235063833625
-0.7074867193121517,-0.42104400579398926,0.31704138902694257,0.4794137608983242
-1.0,-0.1921713866144641,1.0,4.686202150832884
0.6319059384822829,0.006840694680626536,-0.08149550083396062,1.3854942739534954
-1.0,-0.9063406617909666,0.15917780071599652,6.233543876734866
0.5551174119709879,1.0,-1.0,8.073739816428533
-1.0,1.0,-0.04413754924212898,8.815162153252013
0.4146092211396959,-1.0,-0.7630987658134878,-8.235600631759356
0.05401865739538003,-0.10753772518948868,0.5904518111735564,0.3889430809315329
-0.39859576123243134,0.00588122882318709,-0.38305870152083954,0.21681441933170034
-0.7880008508283234,-0.3211618270622576,0.6947009688348589,0.4370365012392796
-0.6776653720038266,-1.0,0.833021758012932,2.4725644547509185
1.0,0.14197220670184008,-0.6681602184070521,5.629784376405553
-0.988843917660089,0.39395580648874917,0.16210574471469652,-4.249524665364202
-0.1977965799517014,0.7751232769624414,-0.1043697640971677,0.4426334741075131
-0.01652932452489142,-0.6653274203310198,0.137410067139367,0.9452550527680796
0.7256360655559686,-1.0,-0.554896548642396,-6.231935767567083
1.0,1.0,1.0,27.10690498950704
-0.2621061094530517,0.8675215224150976,0.7896872309792817,5.280378039652719
-0.8791194432664999,0.9533409840866149,0.11658983192342487,1.7080980010955327
-0.6251714326333335,0.2572427459844009,-0.7229327893863338,-0.8028525782345075
-0.16787557542017728,-0.6355840336519698,-1.0,-6.4774542560593105
-0.0016552557166928938,1.0,-1.0,3.669822671577109
0.39372600749507236,0.2608954162288992,0.7293122138791415,1.19032504907556
1.0,0.09146914857980648,1.0,13.95651786019267
-0.45537614711480967,1.0,-0.7555505239513165,4.636080833704734
-0.06817868123864779,-0.29908108365528596,-0.1543523408888936,0.9418229760229696
-0.7817440520589352,-0.20820424972694074,-0.41916037908582293,0.40991262205827667
1.0,0.5045814654013145,0.7718038817289763,14.001833997520487
-0.5839215550248493,-0.6926746997888074,0.8826544597811257,1.6693090247242222
-0.6027592031528406,-0.2116016406446124,0.2831430507349726,-0.13648222012779715
1.0,-0.2629355495293575,-0.8270324419169286,6.288201427046885
-1.0,-0.5953997282464272,0.5640539093646235,2.419704918700708
1.0,0.17467526488135077,-1.0,8.697694280506854
0.5981330430997023,-0.3095559759527591,0.1416866894665898,1.543643916509949
-0.28013679524843194,-0.1473392324174494,1.0,0.09450121014195229
1.0,1.0,1.0,25.07964507171487
1.0,0.41026934441780694,0.12886687198761781,6.744523723023434
0.17424351093212187,0.28415275639056214,-1.0,-2.7730628383612155
-0.2610868729381257,-0.17941255159955194,-0.13898777213726654,0.2556542659770118
-0.9213369863717629,0.4695939805557572,-0.5700230308092176,0.20850768106310055
-0.24942012940236613,-0.03771174114179221,-0.986440409755809,-2.426173541749176
0.8180850546552605,0.04899073835883616,-1.0,1.1651179068879336
0.039569987251645955,-0.3954387840349163,-0.0414118663798011,1.0128320081328814
0.5800668040420316,-1.0,0.5653011607885572,-1.9073022490601614
0.08961304507387258,-0.9700762226121813,0.14073063270568498,1.9419795590556062
0.7084293434849067,-0.986621179692363,0.9067104825095349,-3.829419005162711
-0.5043207246140105,-0.47188361005641166,-0.590042267522912,1.5080052428931223
0.44652546374739654,0.9480473491139811,-1.0,2.2191105183151314
-1.0,-0.5797263053270902,-1.0,5.6160445791154965
1.0,1.0,-1.0,38.839983672645204
-0.9895074598691807,-1.0,0.8015415990154933,17.117855056298968
0.4412858549866865,-0.3275874951340416,-0.9519215812433859,-2.7783794627503626
0.984112951095115,-0.016067509355426557,1.0,11.730752507134765
-1.0,0.6818723809535132,1.0,8.831483988363697
-0.3692253261455587,-0.5423735491249353,-0.6623543608851863,0.6601759618482468
0.8973757081350078,-0.35405441874987,0.627636014602071,3.3109345641891883
0.6897380622147968,-0.282504106550993,-0.2638302616646555,1.012401610336455
1.0,-0.20140306232268457,1.0,8.616141300512792
-0.11129021638033709,-0.4773914411915656,0.3070008516511611,0.6210488420884379
1.0,1.0,-0.3971545773969467,18.07745993092172
0.04943710717867478,-0.6430669322887164,-0.008479102805753147,1.532357755039179
-1.0,-1.0,0.1988611408994092,8.914171246641907
0.6574087012879601,-0.4385303840312784,0.5076414845692867,1.028549088641885
-1.0,1.0,-1.0,21.302813590081186
0.4277013914327563,0.06378358409906482,-0.39274110958139197,1.7667035497971786
-0.41172386658633076,0.8495926399938305,-0.9477344467474924,-1.8694638928342902
1.0,-0.5652155432544843,-0.38980410390943954,3.0391045702546506
0.6564777961568244,1.0,0.6730729708033385,7.615818106971753
-0.2036987050052388,-0.27016364792880765,-0.632464493012936,0.29673552178678825
-1.0,-0.6161423023493415,-1.0,4.967987905474122
0.5233940554291052,0.46452737920965337,-0.3771328942464549,1.2845625942574683
1.0,-0.5720984176594706,-0.4368171869889663,4.676174391094934
-0.6707749737971314,0.5812463887608836,-0.46762568946957606,-1.9253371427174264
0.701440710694563,-1.0,-0.13420750017608185,-2.2150622678413465
0.46691221198588706,0.351152521588582,1.0,2.5539707888457803
0.13704351794341196,0.9505652501126873,0.6985383107793366,6.523197282566543
-0.4249492231762495,-0.9766582837322932,-1.0,-12.00914481791096
-0.0915142321273752,0.4157825023568198,-0.7636092531939012,-0.3752283297737205
0.39334009936243564,-1.0,-0.466210305823058,-2.3224471681733916
0.37005206024465376,0.5879115537404278,-0.44646981284892506,1.8363925031395576
-0.3609210146715891,0.17687725006661092,1.0,2.2506477637467386
-1.0,0.06814206144353019,-0.33584716619301314,-3.611597626096792
0.33104355316598144,0.8211923231594969,-0.26299237858313185,2.702529583660339
0.9163486574860469,-0.15787435247473192,0.09045097783354494,3.876583427131453
1.0,-0.04246142264017383,0.7257222979918716,7.875397937490444
-0.18144014878553572,-0.11815809237571062,-0.7985501741797132,-0.01777761161238131
-0.7955854703059608,1.0,0.6236928703155296,3.021180793906168
1.0,1.0,-0.7904636195354997,29.133423590753516
0.06406839562710887,0.5407484706567114,0.6811419198698803,0.9978598023381405
-0.29093370665181917,-0.9444037356544777,0.9563216391945093,-3.222049269418106
0.7434535147093615,-0.2305348967921752,-0.3506491160468612,1.7893665188932686
0.24833029645490545,0.04638855255101393,0.13111549034212033,0.21198970613553514
0.6481589802115937,-0.6649366525084877,-0.3792527994514461,1.7156575069537678
0.5727080425767423,1.0,0.746798205244293,9.073192646712043
0.5818778497228598,-0.787199561821605,0.3217681331607545,0.6585350980525464
-0.048095358581911274,-0.2585166745976093,1.0,-0.17642381611574226
-0.7948587121090704,-1.0,-0.12735777336041587,5.688331252709246
-1.0,-0.8355631999650128,1.0,16.594158516906386
-0.8728643268951912,0.9213666528232469,0.6834489244071891,0.377476364888702
0.5209023594723741,-0.9154984672373447,1.0,-5.883095421446599
-1.0,0.0821378330746394,0.5214369440674247,-3.932599038712128
1.0,-0.9300202378677542,-0.326154224063522,-4.044541527266945
-1.0,-1.0,1.0,22.58587065621402
0.741344341076446,-0.296899767692578,0.5531408618692746,1.5652559407750066
1.0,0.09093855156272701,0.008490521214903568,4.711445039490619
-0.5289928923036618,1.0,0.29397471797596086,5.325502819593095
0.12844755400958752,0.27058464770638024,-0.07262304549615539,0.495196816081966
-1.0,0.7336047675728803,-1.0,19.923098516747697
0.07420754325386647,-0.7941544371370908,-0.741661197484389,-1.2583562416678118
0.9950674938589628,-0.4546007572395627,-1.0,2.3667558222271543
-0.8199873944632314,1.0,-0.06853170246144269,4.430767185550975
-0.06164357645597929,-0.49978602540504324,0.8231820235844867,-0.39255655613087015
1.0,0.29457112827196297,0.07587777444124844,6.082418181182986
-0.7901629775615089,-0.26680952137328107,0.144169201644071,-1.4017813719671355
0.5452309844873116,0.8229428340346583,-0.9056738557156376,1.4694525682135802
-0.8738416918688217,0.8873601172332879,-0.757563127164739,2.430183586428889
0.7319864266452012,-0.32331736050336946,-1.0,-3.0984860846959035
-0.11287577513197866,-1.0,-0.5029273538101269,0.05639792778009037
0.006698605712757599,0.3446377850125568,-1.0,-3.633482534428275
-1.0,-0.9081992816541202,-0.7496169108610651,3.504573023593499
0.5058484561208432,-0.7695114792454147,-0.13881563348943216,1.392393407452416
-1.0,-1.0,0.8971887627771824,19.654815654041432
0.13218524847193436,0.7187466136654594,-1.0,-3.2603299424626218
-0.1586800271069142,1.0,0.28919285688822427,7.338566193260754
1.0,-0.7200770857879966,-0.175675270770264,2.178732449894449
-0.42220925875816495,-0.4747068201344926,1.0,0.2018781485811017
1.0,1.0,1.0,26.031262194441002
-0.44500438417325583,-0.048020308419458146,1.0,1.77039517299797
-1.0,-0.0165256748968583,1.0,4.351199358003709
-1.0,0.024188246475162156,1.0,3.233209483118613
-1.0,-0.6529301458322525,0.2525261488458359,0.5641973080784095
0.7941253476108714,-0.3883969807492875,0.8657486342298382,0.9425440153376594
1.0,1.0,-1.0,39.28772362845242
0.5095340110311779,-0.7625906101611091,0.6395953864495802,0.5588689276580676
0.620919613584878,1.0,-0.40594077733327416,10.50553541119573
1.0,-0.6922604577996145,-0.31513431047347207,3.296472879481813
0.835247725609078,1.0,0.06880461861996734,9.634265199732999
1.0,1.0,1.0,25.626042549468785
-1.0,0.27735486879869775,-1.0,14.925580128565851
0.7639097423735928,0.6867579662401122,0.14830161229485994,3.2642125937894453
-0.45143557665003553,-1.0,0.57921079736479,1.8909387467024892
-0.6884783318214662,0.07424871207938333,0.1730077029524033,-1.4519601127079316
-1.0,-0.7006290821353494,-0.6606700251133621,1.9542406330836861
-0.07905294558712717,-1.0,-1.0,-15.641503099409483
0.6003672189234355,-0.6479820579915097,1.0,-3.8699557508483107
1.0,-1.0,0.1920055261593625,-7.060170384114478
-1.0,-0.8150082907251015,-0.49688022244125807,2.8097105448244912
-0.14516944745676552,1.0,-0.1934344385501725,7.7345192593011936
1.0,0.8241742033357193,-0.2964662023341851,9.26941097073932
1.0,1.0,0.08198519393231396,14.776375628868973
0.8729794271391866,-0.9358481104033438,1.0,-5.1233489464232385
0.37878990083133424,-0.7813568102972008,-0.8267963162876082,-3.644672575438852
-0.49918116844165406,-0.1741667996678118,-0.1895851690378536,-0.08805698661109682
0.14289944369181207,0.4540965373335635,0.8854162735990507,1.5763653887719586
1.0,-0.516181280927243,1.0,4.480187054679533
-0.7975635341697109,-0.3559331621424524,0.8464904875050734,2.09884588527219
0.7057875866985528,-0.11765077293565063,1.0,0.5895085874287096
0.40095278636997755,0.7995766539967555,-0.4262052480161682,2.386280872292053
-1.0,-0.21048822675745038,0.7493167298027272,0.4064393264790209
0.3056107751941297,0.5199508466319074,-0.9579398661583898,-1.2011671842219962
1.0,-1.0,-0.6873077865229962,-14.419606639655708
0.9601863664549974,0.44554106444497266,-1.0,8.519025069461522
-0.2307455284172919,0.25713584610992646,0.18928164308967466,0.19088011344494688
1.0,0.022292397669899877,-0.9221061110543212,8.587457109696224
0.18556549120611332,0.4746392473399179,-1.0,-3.073696114556397
0.8573335988644686,0.8444952821028997,1.0,15.630705295049111
-1.0,-1.0,-0.046548309360082696,8.123532182040869
1.0,0.1918101461822308,0.8323924612234657,11.545819052681198
-0.25394710407988885,1.0,0.29180819557994186,7.114129449102215
0.8647392992787966,-1.0,-0.46176656639430114,-6.69694225378018
-0.4319593283757124,-0.4377592666085828,1.0,0.9797267127889353
0.470823158623086,0.6932295470726313,-0.6987830984331829,1.240628899495957
-0.20119586468417983,0.7914783780098247,-0.15812527657719233,0.8669347015945803
0.5506257705645909,0.27621353890177036,-0.4218679937254852,1.5325356056740547
-0.6393602725732013,0.6090445399041173,0.9846972262034144,5.112472043578867
-1.0,1.0,-1.0,21.21088197349132
0.3478777635613324,-1.0,1.0,-7.299371222661723
-0.1950753453778753,0.30902292687206856,0.669321219216588,-0.9707708916200376
0.723818332588698,0.23797441731743252,-0.9112489639914994,1.0679542263202109
-0.09495341082671382,0.5607597930604242,-0.7123414158256236,-0.3226010243115484
-1.0,1.0,-0.3213328608071173,10.858736871506894
0.2288181794609212,0.8096770388340178,-0.014123909143614721,3.0160210516167045
1.0,0.268770684539809,-0.18645539484149487,4.434601036636487
0.07147281922854809,0.08210830167475791,1.0,0.3705579399157027
0.8834941217991594,0.43222673797560063,-0.3249047659856579,2.918007459763987
-0.594767859861004,1.0,0.5880955612991576,5.6467374601713205
0.10682284182090518,0.48509055979954807,1.0,3.093669558315451
-1.0,-0.028039142219408397,-1.0,11.162274964738325
-0.6283149362174796,-0.28382069023857137,0.7499089312545331,0.9814191760394994
-1.0,-0.5120622140139988,0.523027295673429,0.8986820383457119
0.2787571511658242,-1.0,-0.6341239616903316,-3.5854056551209252
-0.2671216417577138,-1.0,-0.5433264364987362,-0.11699185335966182
-0.557232877681102,0.6388238813457789,0.09320937212434943,-1.3565055030950257
0.5610503291617441,-1.0,0.47852877172765695,-0.8296978769894023
-0.4487008796880967,-0.7931958137688166,1.0,-0.2679004227328787
-0.4190292840236738,-1.0,-0.24136250542614435,3.245427221900547
1.0,0.12886387642391073,1.0,13.209736392779485
-1.0,-0.6187060636744519,1.0,11.250365023899505
-0.030180936430412864,0.5490945065315902,-0.6130340516847574,-0.31929025479738016
1.0,-0.004905314190925214,-0.15641968387321992,4.608321192401249
-0.28016974862418964,-0.6617585043296186,1.0,-0.14526669694082706
0.4245846316436481,0.21081737361470143,-0.9840068088359966,-1.3994298698939245
-0.6586072210497498,0.5579252654301057,-1.0,-0.5910608465580085
1.0,-0.45460699993118014,-0.39452140974297123,3.269742057127615
1.0,-1.0,0.5847822604735693,-6.21404966974591
1.0,-1.0,0.5800639930646057,-5.770162346086764
0.10451046042933054,-1.0,1.0,-7.194752019521772
-0.2539515775944703,1.0,-0.28146228948405994,8.043500065151404
0.23617322396121798,0.7483809867193052,-0.05755593345708743,1.489901218668103
0.8763650766570379,-0.7698712347805214,0.5746434625255019,0.550407344011838
-0.7414536518991812,-0.264458501161591,-0.44747293814885003,-0.0972861768727219
0.757907908843517,1.0,0.3859039972285312,6.626512015338618
-0.389705849198251,-0.020414870758177273,-0.12191841951811688,0.37403296470874703
1.0,-1.0,1.0,-9.762277478788395
0.9830511959423052,-0.3915426563637636,-0.4336888970508903,3.9003680118542756
-0.896318801516145,0.6092778360333426,0.7546072976285696,-2.2405019928993952
0.03269116589810328,0.170699384098574,0.7406399892434812,0.2697486969679545
0.5108338275618427,-0.4540528575920417,0.5205317928499176,0.7272901906235332
-0.7376903694152481,-1.0,1.0,2.4381268089335983
-1.0,-0.45888597418004173,0.3154346844434579,-0.5433981633733717
1.0,1.0,-1.0,38.375722355266284
0.23146258968761613,-1.0,-1.0,-18.7169560949585
-0.527681417732015,-0.41860979705210255,0.2373529649544328,0.9692865340513852
-0.8123001664159502,0.9960534544510313,0.6607883636936382,3.7560079518820118
-0.6179281368254168,-0.6511458126734433,1.0,2.4497844752278777
-0.423315122472222,0.3251511619696672,-0.40075782678490945,-0.3099634053650047
1.0,-1.0,-0.022252622528722066,-8.39431097743358
1.0,-0.9119689820485368,0.5895712042640553,-2.574303965967678
0.10269874824768777,-0.3714784087304319,-0.6026288459352327,0.8750756629292046
0.8883358052612895,0.6557402653152757,0.7029098017771565,8.635033695962356
1.0,0.3133137962291759,-0.3336859263264216,4.702152150715413
0.6105676617145799,0.8296007153729241,-0.38816677922183906,2.968136182108838
-1.0,0.5509261510276882,0.49574362143845097,-4.308945286226147
-0.7830718864117707,0.5494240670345343,-0.5145528922192304,-1.824299961643078
0.9643520804309582,-0.19085922717520254,0.2903271483132881,3.932964675746289
0.09500989392165726,0.7585927150716516,-0.038458877336459585,1.5143262741399102
0.21272932023684699,0.43065694682064426,0.2509922194781873,0.15211279702561442
-0.6640573144201685,1.0,-1.0,0.7709952442939442
-0.929965710593349,-1.0,0.8745951823565161,14.346243356742544
1.0,-0.8033412889402722,1.0,-1.2148309820538399
-0.38246013052887173,-0.9067595607996783,0.1859814906184356,3.449187750613283
-1.0,0.02725572084800909,1.0,3.7533388576259794
-0.008562412146981613,-0.8901638193195143,0.307367788415122,1.9825920067433376
1.0,1.0,-0.8338418883779735,31.290045748976883
-0.49671163758141135,-0.3701463425192262,0.6242115862729247,-0.6273810405825428
-0.8063345737456136,-1.0,-1.0,-3.530341135273527
1.0,0.43823424298418856,-0.12164472346251065,5.846217882738552
-1.0,-0.6397672010099726,0.12457992678071483,0.3396701483198691
-1.0,0.08953873009950897,-0.4272275353033288,-1.7747698410992792
0.18198538458534896,0.14533984205663164,-0.7533410572747303,0.5226578129230608
0.7142532337919756,-0.7722134803165361,-0.020662276064522977,0.2833880361177208
-0.7478382113512891,-0.4959927692442727,0.23398003029601844,1.0927205737533745
-0.4407734018675753,1.0,0.6417376162572692,7.519655481407259
1.0,-0.5236009412993994,-0.45733537943212954,4.53553756018449
0.25001272304990674,0.09968630579960669,-0.731665779659523,0.6134223737267617
-1.0,0.4570509115649726,0.20560144256429602,-4.029691355664543
-0.2660256981654163,-0.6380944475796371,0.3239083184654157,0.4284743013918473
-0.15511037683221152,-1.0,0.043761608524524265,2.0440443437316507
-1.0,-0.7820801688735459,0.4063452988749723,4.516583014894809
0.006867569997820677,-0.07293799216962715,0.5721727964560919,-0.12966392651060327
-1.0,1.0,0.19527851031104282,5.036833090234691
-0.9549789327203435,0.8564733489371958,-0.4710659555682719,5.242459355307775
0.5369475073098708,-0.8522026338910713,1.0,-5.222233527651993
0.39979972625634197,0.4259516758912316,-0.06765030682237216,0.7106457748271698
1.0,0.9360751401301164,-0.6061748435400158,17.708718327216584
-0.8074216275655044,-0.6690017266050761,-0.5145578671747217,2.4314552286874793
-0.3177932172183213,1.0,-0.14860160899373076,7.18817389484486
0.5172506878919723,-0.7995223424760798,-0.5750261078139944,-0.06432009433871384
0.37433696734253985,0.17186601324901574,-0.048586977157501154,0.5193275397120674
-1.0,1.0,0.6410244591939593,1.9711739078375534
-0.1606075184949185,1.0,0.5287846723167646,7.915855414072804
0.8646771293140083,0.7255997882579166,-1.0,5.60857578519795
-0.34599522799132476,-0.4853506917586101,0.12118939594447964,0.5890062917198862
-1.0,0.4862524042079168,0.5718717829778424,-4.756317111127044
0.6128731894966053,0.13754055284886357,0.06808910430537018,0.7105265819335262
-0.7718320821674323,-0.2208514541052522,-1.0,3.717415182444961
-0.8083818285858093,-0.23994208867659284,0.13122699414408046,-0.8291763682842586
-0.7728367086751529,-0.03675218967408367,-0.3181368530770168,-1.070641601560251
-0.13847135882908934,-0.8121602730588158,1.0,-2.262553646423371
-1.0,-0.2336616498184998,-0.5856575747263393,0.11417382521520647
-0.9578256239867382,1.0,-0.7861951146636721,10.90277863280199
0.11166100648820332,1.0,-0.08401961146412074,7.807865734999852
-0.03760126019894883,-0.1724842003015299,1.0,-0.31467668514613356
-0.5957077793833172,0.6277534270005853,1.0,5.939404452482346
0.03522825395378537,0.5602918738977258,0.9871655166421633,4.288224946754664
0.5577545590702364,-0.10078025355301157,0.8933548764821138,-0.008955104984255016
0.6936556180616991,-0.8843533844315563,0.04344069121387828,0.10109691936541673
1.0,-0.96119519168854,1.0,-6.608229069049437
-1.0,1.0,-0.12098106630353156,9.538229436631154
1.0,-0.3080119730908133,-0.31562330238886993,4.3461686302162414
-0.5403554388319094,1.0,0.30305193075937176,5.610775605257527
-1.0,1.0,0.3767377449222127,2.683614897525826
-0.05380437672932192,1.0,-0.10398651144158899,8.032509350164984
-0.06249793220134259,0.2962643257365307,-0.3696224231963925,0.22321825798181483
-0.21654604314506964,-0.865883760843327,-0.5705770450552776,0.041539345239694825
-0.1418140444555518,0.9974342192844361,0.5544335554435909,8.018595931040998
0.12086889726394912,-0.5246167262918324,0.45563218759898017,0.7654133523303794
-0.27336423227388473,1.0,0.6632743080340475,8.975777044539347
0.937196727394813,-0.22031786457272617,0.8504850240322686,5.59145138953814
-0.3912450548522053,-0.5638865393672836,0.013330587469289057,1.3639581419741187
-0.8869450535542931,0.1993753694455993,0.6361928679943609,-2.3972116818244524
0.4030095071079445,0.6927659009570581,-1.0,-3.1731252323918406
0.9576337898443543,-0.4820179380267282,-0.9519804500333686,1.949349490612082
1.0,-1.0,0.43597992566015953,-7.158262002943425
-0.6692681612390559,-0.616830623302965,0.056547999007869,1.1692401293674293
0.16342351759020768,-0.752541943167764,-1.0,-9.610225994547053
1.0,0.39987752049785064,1.0,21.127453233008556
-0.6792130192665631,0.12313063649771472,0.20257551481178293,-1.1708600807412612
-0.24569003572635606,-0.21500606956433432,1.0,0.12706765686333849
0.8468604659028272,-1.0,1.0,-7.784141137838908
-0.19192546118944276,-0.44999959002918444,0.6361675339121142,-0.6134131929295681
1.0,-0.27273324089420736,-0.0228865886934988,3.764050304329162
0.6335570026959392,1.0,-0.28243385196926907,9.943428845110452
0.6434176180116804,0.5859917003600166,-0.6896752940062558,1.45289584856985
0.07240143101349439,-1.0,0.05377546103222386,1.7397215104195853
-0.4116078712873361,-0.31727133030915944,-1.0,-2.2899918061457636
0.9693697412693936,0.09996917214526446,0.07947268184879874,4.0172806424451295
-1.0,0.48976587915341296,-0.020695010979936868,-2.708442438626837
-0.36322902665733126,0.6979890408654594,0.14899341210074102,0.06691032875116909
-1.0,0.3748723555745457,0.9247241907110875,0.621643434934964
0.6037664015515962,0.2603698986895633,0.905300371022262,2.7726389109404064
-0.19542847447473854,-0.7514504098924155,-0.2325278869061902,1.3477577574404414
-0.44524966462887283,0.18215699139199026,-0.6574058934669993,-0.9132630373321301
0.5507881179608938,0.14069647792010098,-1.0,-2.185284110922869
-1.0,-0.9703434320358748,0.28437458194530896,9.2708785113366
-0.7333121017268773,0.6059067942606811,-1.0,1.06517021668677
-0.5468014306888791,-1.0,0.22070835849698223,4.402114167915065
1.0,0.968029026095349,0.000629286288005737,12.914174003929505
-0.19418310705130937,0.12341376701752482,-0.5152083011136961,0.09413219893520339
-1.0,-0.8896036358676636,-0.1132827859865495,4.910349704235016
0.8278995961998898,0.47815736384095797,-1.0,2.3477094965309186
0.06427181421672112,0.03069673887379265,-0.14638997823070365,0.2272840750294156
0.45508269249343214,-0.8525353518598131,1.0,-5.3815904237332095
-0.611178015931445,-0.015277843758832566,-0.25997956277168566,-0.08817902293730678
-0.12805378300107506,-1.0,-0.22494202683969378,2.3228904945327895
-1.0,-0.43360554474603585,0.7011243187330145,0.5445190933125132
0.9580840961902748,-0.6455527015084301,1.0,1.2771955459960922
1.0,0.19025232034072537,-0.9002234520378425,9.16173165564695
-0.18574486501311727,-0.08362892553193313,-0.1360958545329014,0.732578070704822
0.3721396254963978,-0.4768778997834586,1.0,-2.5715643437789106
-0.5838499298862845,0.9690315679563344,-0.014761522943232519,3.7992479197457394
-1.0,0.627250391936786,0.0924572694631649,-1.47426803911983
0.2947533002346403,-0.04828391136639465,0.38496040359828565,0.4336387221365209
-0.6661553349599685,-0.32090252810680275,-0.18394336261370148,0.3625837195978133
-0.49954320133010777,-0.6965917902666654,0.012979719694618863,1.8869601835930367
0.900522952374093,-0.5358521530408438,0.7436998726594204,3.26967424535227
0.10915294714661905,-0.9165657597189241,-0.7404758801162463,-2.9252199962638437
-1.0,0.19102135030395662,0.10854372945749136,-4.683243932647936
1.0,-0.29110825138913476,0.650928161731358,6.301381560407257
0.28932240790385744,-0.008438046107889008,-0.5684998983444942,1.188937630519935
0.4120982447784107,0.8167008530770321,0.09203250718923206,2.814378106687903
-0.36944749912435104,0.8272618460241403,-0.2991833197424296,0.5848798310259605
-0.07393042771348624,0.21608621188751775,0.005429020732026668,0.4380770863559421
-0.21132311928392666,-0.10461121806731621,0.8688248851910372,0.46127066386188675
0.03567818406189294,-1.0,-0.8718735587386743,-9.777310325105756
-1.0,0.9061674921091818,-1.0,20.428646999400232
0.5766237113240398,-1.0,-0.873109617780828,-14.77080886144498
-0.13845638680643324,-0.7793181448179753,0.742744621053967,0.5580289632733677
-1.0,0.3812956800553442,-0.0028224789246853454,-3.5436762310000858
0.04289763905199795,-1.0,-0.9242865641237443,-11.728918675695066
0.14172563121126802,-0.7881883669102179,-0.4572265514656193,1.3792356814755509
0.7988555303288629,-0.7470693313677281,-0.667034209545093,0.7068637537815543
0.0019741233666215052,-0.3925551957076181,1.0,-1.0113801577766655
0.015763209335728723,-0.03481359358045988,0.8753250391724101,-0.0005427966372815174
0.028808909571308217,-0.09433343927816717,0.37102076270811857,0.7108447349867039
-0.10910831607007565,-0.32509053773985674,1.0,-0.11441227714914703
0.9450239951580688,0.03690352689584975,1.0,9.662741278825626
-1.0,1.0,-0.2810034599433462,11.149585103146782
0.44645071749469833,-0.8934584610675218,-1.0,-14.268531377698979
1.0,1.0,-0.8716196850766842,32.935960083793624
1.0,1.0,-0.9776456707335253,37.93458813568439
0.06619589307310636,0.5471401739612265,-1.0,-4.037776534401399
-0.8696306644500784,-0.3796030693202541,0.5437231718707534,0.5666052259916117
0.741495448819155,-0.4558420000829888,0.8190133092770413,0.33124745049141535
0.02668230961480056,-0.4344520489073225,0.62006749758222,0.721331166578562
0.1827465021591932,0.2615930998797573,0.3538996595851043,1.1843077729036355
-0.6984979099553486,-0.8192917149205845,-0.05159623750870557,2.234671675438234
-1.0,0.09654064978564114,0.18493373882128394,-4.364830380272943
1.0,-1.0,0.14460693017788206,-8.862492670990921
1.0,1.0,0.9405924342287653,24.24899888726727
-0.8441668774486695,1.0,-0.24088654832448175,5.782636271173603
0.5965396353495727,-1.0,-0.6406332909971812,-5.139448070824735
0.1779206236836357,1.0,-0.4544159417623519,10.075966959921653
-0.02550075649308048,0.8632137506255386,-0.44649711503555256,3.8590630540016897
0.6771203330858937,0.41488255931019813,1.0,5.432780718778304
1.0,-0.25145006010052384,-0.9106169896130818,6.118950109415213
-0.9254576882882988,1.0,0.20980268092120902,3.8931491337107764
-1.0,0.927161832528087,0.3473798310666609,1.2479339455735323
-0.913126759290962,0.0660890143688233,0.9404059759047994,1.1107345982814265
-1.0,-0.0010785166320479433,0.6125903495504323,-2.6760127995256733
-1.0,-0.15915999092937216,0.2558329856302093,-3.2629297616280435
0.38654804802188725,0.9243256136591322,-0.9377511190345134,3.8585952673903305
1.0,-1.0,1.0,-9.470698872446423
-0.09960239685254324,0.21109824170934122,0.5462135124467462,-0.20599423619768711
0.9009334158534505,0.4516860220604737,-1.0,5.1613208160694
0.7162814643417212,1.0,1.0,12.117784297290017
0.309515962096661,-0.5183962987229445,0.48065834405748875,0.35123419677096673
0.3692146102829563,0.7686930946166919,-0.03730234119244069,2.2097953049135795
-1.0,-0.17319111270571907,0.6577491180576949,-1.9439120095277669
1.0,-0.5295162479890425,-1.0,1.3291407192750913
-0.2720957953559531,-1.0,-0.039577954970166696,4.2026080186745185
-0.46713415922381674,-0.1859861277605075,0.06790243571913868,0.2861073688831604
0.6687000529736988,-0.40136950952686745,-0.27674508907333273,1.696213663559943
-0.3380575205852365,-0.24367123720274653,-0.5867917337927315,1.4393967424602758
-0.7530076466540574,1.0,0.6427415116534654,4.447095483333823
-0.08736836434513395,-0.7421179144203565,0.7710376520953497,0.09882835806010726
0.23140347304920938,-1.0,-1.0,-19.210948720721607
-0.16101026421403808,1.0,-0.3485263870081312,7.91454198549066
-0.3874965649874682,-0.048794135181301046,1.0,0.653683616295566
0.022575467277888173,0.2461621634979938,-0.6041975083506044,0.3958391867295746
0.04079743279455372,1.0,-0.5139689676925456,10.236399542686678
0.5151842883314153,-0.7074117413338388,-0.29770703130737153,1.3829811365956393
-0.26616096430510106,1.0,-0.8549204503178391,5.061041294870145
-1.0,0.12739588788999057,0.8314220609337213,-1.9246718471457225
0.29537620124923225,-0.6735923838889326,0.1336480506480613,1.6592012399867442
-0.7222794113775817,-0.002379589455189235,-0.1958601873015675,-0.6185168887841812
-0.30506694866227146,-0.4721657450185264,1.0,0.28176656785022547
1.0,-0.8546613806193701,0.4198378583340636,-0.24382674223397824
-0.6998913606180708,-0.020519066877962233,1.0,2.2356505473881536
0.354465027975039,-1.0,-0.6393867612666722,-3.9018762916388456
-1.0,0.834941945079481,1.0,12.21611505804288
0.7775052532491997,-0.0723699555161621,-1.0,-0.693723580800679
-0.8201394783380251,-0.06830492046367698,1.0,2.91108295626799
0.700290459789102,-0.4098958138262576,0.6575305512035516,1.661306081636969
-0.09194153366173063,-0.41181783575031417,-0.49496912897039413,0.8621289248098898
-0.8072961059262143,-1.0,0.21605378119206442,7.120544855308294
-1.0,0.1824494800053975,0.9476697098547202,1.4869624758186577
1.0,-1.0,1.0,-9.550099509984062
-1.0,-0.6165770697195498,1.0,11.166040243098392
-0.6933949306743517,0.020493420184109157,1.0,1.8625738017508997
-0.7215108369943428,0.9584774588000635,-1.0,0.5405668276012304
-0.11310141389888995,0.45764367213291113,1.0,3.944442158282224
-0.3118831193638736,0.6774923395561623,1.0,6.525351059857972
-0.7938995415697652,-0.8077592649484804,0.4612203611920167,4.350255830084663
0.5619071644891822,-0.516649747226813,1.0,-2.026654770330465
1.0,0.14378903509064367,-0.5556664013365396,5.651826125791078
-0.645915244336096,-0.1324391458885279,0.4325455553694164,-1.302215685094118
0.02297495984069231,0.9730130165689315,0.9037647633480528,10.04185005748166
0.8528891870781017,1.0,-0.21218747976917207,11.945169667825503
-0.6052480860320522,1.0,0.24420133213128015,4.1472099356927155
-0.3613912971399045,-0.3805579222811841,-0.7257825583650439,0.10124031433707842
0.1606723800716452,1.0,-1.0,5.086213124138885
0.7956462296255276,1.0,0.6474756594636757,9.101165417588636
-0.8366524533004929,0.4717092752414247,0.7081731189724767,-2.679396951582017
-0.23077397973111147,1.0,-0.7649278738936842,6.906076159382026
-0.6714199898419864,-0.9996183531703915,0.23485533855315333,5.902383342025111
1.0,0.31724782344327673,1.0,18.81773106248928
0.02264932441614209,-0.7356020985851837,-0.03915332744829669,1.6381014642836902
-1.0,-0.17659729900690002,-0.6970136320858844,0.6335026625449117
0.4385937843593366,0.014137347144326462,-0.16320195680546412,1.543337700102289
0.05978939571042963,0.5398321695929529,0.6275901420804213,0.9934195083809085
0.7489673863976873,0.8353505596474138,-1.0,3.7504676910907486
0.9536153276413235,0.05969651830313083,-0.04764979746675535,3.944127737079171
0.10674118198538607,1.0,-0.06924095951446962,8.689068001032348
0.7350044831527864,0.38580733227233566,-1.0,0.5399322870643327
-0.3108405739159459,1.0,0.39775992512079905,6.141635532962347
-0.07386051692153006,-0.6982782304854833,-0.05943652920033604,1.8163677434213858
-0.22500931165595128,0.040039121359248586,-0.8312018686090075,-0.38725235094020893
-1.0,0.3257934273840406,0.3710310021091574,-3.9995807068525804
-0.9435603280038098,-0.652789607924714,-0.02755820177698398,1.4250894135353023
0.6913071645803248,-1.0,-0.5566899814870763,-6.002233412365174
-0.47752463215684426,-0.4273622758061386,0.03414619403773789,1.09944834250387
-0.6075355060462468,-0.10996308090973117,0.16548207771110546,-1.0104623677999003
1.0,1.0,-0.5284536203001196,21.250167253735192
0.7831467132362866,-0.5214644181153729,1.0,-0.4587468343354608
0.032807834005974534,0.0832108789355992,0.047934171105336265,0.6762183060717435
0.3632875856864639,1.0,-0.970288482192883,7.517116009074989
1.0,-1.0,0.44757022136597513,-6.999410776887231
-1.0,-1.0,-1.0,3.430047176583084
-0.9019435437715175,1.0,-0.8401830293316155,6.856727411460088
0.05324336965342047,-0.5128993361053833,1.0,-2.2238667877473537
0.018823803962636942,0.8978852615428254,0.4409154805959561,4.288233927253584
-0.37986779157405537,-0.8357623582109812,0.2287281954207525,1.6336004415342893
0.5348910089647463,0.16393173470432676,-1.0,-1.9487682712239514
-1.0,-0.33420407842680766,-1.0,7.025293549663877
0.5193479193171959,0.7989277256604232,1.0,6.430026246519496
0.3302538055310258,0.06780185202319178,-0.6971521012036035,0.963886229673481
1.0,0.1452315925125378,0.986403864190891,15.085624247173651
0.5697064041067805,-1.0,-0.43323291897556016,-2.198032405203956
0.8060284063011374,0.5771304607223084,-1.0,2.526326741876347
-0.5471639572616331,0.26290273258928454,-1.0,-0.28448168228058346
-0.018447512726294635,0.3049875544201226,0.8932648086790893,1.0499268737624676
0.15557379478635114,-0.817875513131237,-1.0,-11.47518477816832
-0.22660914523545794,-0.21853701106890355,0.8247486591212907,0.30238615680862846
-0.5767224464154947,0.26398137898103635,0.6432278726310374,-1.2206280592626093
-0.02988264718647482,-1.0,-1.0,-16.54710905281561
0.02620665904663122,1.0,-0.2441717269849255,8.995977905068656
-1.0,0.09193251831948057,1.0,3.5181523663203245
-1.0,0.6801546536531293,-0.3634942393917451,2.0813072705005426
0.6338711343319676,0.018351592695381003,0.8797527425765961,0.4465411938105128
-0.5688746640327149,-0.13049322033320898,-1.0,-0.4151516236967327
0.1547086973041969,-0.29544380788312674,-1.0,-4.567241084855929
0.31243769023023416,0.7795221343669245,0.7005019931455059,3.7986531897999383
-0.6995386214730075,0.6374423607338537,-1.0,-0.1998011555046355
0.4588625773919768,-0.7745277781796824,1.0,-4.644607387715192
0.4885349290823511,1.0,-0.08272910689600388,8.515209875352339
-0.16517511010663743,0.0904235020337456,-1.0,-2.76997556505179
-0.045559386906622645,-0.018134318050155418,-1.0,-3.314197164896923
0.5063664108288015,1.0,1.0,10.014305513990411
0.6559575938961242,-0.3914167564124613,0.28277320110508053,1.2307353705990727
0.6228962332083365,-1.0,0.183180733228677,-1.111771322225013
0.8597102629432285,0.4067464263229972,1.0,12.373192686704863
1.0,0.5383445985816309,0.12861144411194703,6.728935392563553
0.8441463205182484,-0.63679754636466,-0.9173804393507234,-1.6283218650717997
0.18986226126411654,-1.0,0.219418393845618,1.7333715999422397
0.22872578905729446,0.2283955301604319,1.0,0.6515233185145928
-0.7658952817898252,-0.03341581773063762,-0.08656437056920985,-1.6836231055126007
-1.0,0.2743612396711199,0.5132515844824403,-4.070083172945188
-0.033895609566554796,1.0,-1.0,4.058323650832605
0.6290704910083442,0.002572298189018607,1.0,0.4276390530438847
0.017425002691473512,1.0,-0.29508298587266535,9.026840547303085
1.0,-0.28807324195642825,0.6976526702811223,7.074657419998013
0.6169581807992861,1.0,-0.059441841806982865,8.51206512474096
-1.0,-0.3748120026733932,1.0,6.470017802536595
1.0,0.01955198305961159,-1.0,8.652557061182883
-1.0,0.5990437590546942,-0.18377273262205218,-0.3834966927948932
-0.11583923062714652,1.0,-0.806097287618567,7.482390220336918
0.8235304873909395,-0.07235020295453154,-0.5134702407624696,1.7920264509144348
1.0,-0.7719561030360693,0.7372987979373213,2.5199030644934703
0.6280138861241853,0.714933216799583,-0.6085616584474067,1.5939140041420101
-0.17872638162720889,1.0,-0.21725203493224,7.421861023051317
-0.22366525981366858,0.10600471785453935,0.9795342326724734,0.567464587275323
0.6154881548488904,1.0,-1.0,9.20765311458131
-0.37723852105924616,-0.09670999362998511,-0.8589255903930595,-0.4225141130809901
-0.06361446358795253,-0.045771549248109666,-0.256630000037509,0.7988870163975581
0.444550315056085,-0.050892498174170075,1.0,-1.2268235679896973
0.5257036945620943,0.36553994302206605,0.6808005689462244,1.778859862146231
-0.7175569732877294,-0.08012877418946052,-1.0,2.386255632515405
0.9903827254494291,1.0,-1.0,37.56087864044521
-0.7331296031306582,-0.09023474243292529,-0.21544759031639393,-0.6385828301277114
1.0,1.0,-0.34188857843051856,17.623472681332164
-0.006728356934524005,-0.21478838394830002,-0.49833143718986483,1.4525207250574539
1.0,1.0,-0.6789546168929401,24.186181150971528
1.0,-0.040228153361967056,-1.0,7.516967609340242
0.9481336236490858,-0.2454377305984221,0.2712948223790783,4.50305600964042
-0.3507537570472392,-0.5326882398410202,-0.7318548331901757,-0.4015821884085407
0.11507918105342485,0.34546670916640765,-0.000562340495585234,1.0837540724172883
-0.7677197121028683,-0.9881402629759006,-1.0,-4.93689284334815
-0.747734418005163,-0.3727011334302355,0.05049080684920959,0.17174362764647672
-0.22381947992212914,-0.13988340151025702,0.09504578899806138,0.9591953276592333
1.0,-0.3717006149909432,-0.121156487316328,4.12379484095352
-0.30984582196086996,0.4863508825711902,-1.0,-4.224892441453663
-1.0,0.1654860472637827,0.2750437913699162,-4.666947411560576
0.7526444495617661,-0.5422922613038934,-0.26543432378553455,1.463306595357892
0.6557706395697604,-0.5584462932277123,0.5479099209048346,0.8323540691568445
0.39181114073717493,-0.04021563126296579,0.07762190284322923,1.456274786170424
1.0,-0.5272852853307586,-0.535887456555376,4.740079389315162
0.08788867320082416,-0.9510405693970287,-0.5894380919989763,-0.5130746611516477
1.0,-1.0,-0.6721033378739516,-13.152362730194987
-0.09234425728451123,-1.0,0.7182483246555902,-1.557290361107039
0.35160642899213257,0.40320739621288926,-1.0,-3.199125218482382
0.12619242426577526,0.6261789514126119,0.08623330854363176,1.191570673498131
0.24175715002191156,-0.24161570517458708,-0.9553431851485399,-2.5352080140148896
0.42994356074597984,-0.34708506196040156,0.5996350896240068,1.3531481606728801
-0.6247927780097917,-0.1438744128464473,-0.16607091408275299,-0.20682607504324518
1.0,-0.13933353246320102,1.0,10.001808177862252
-0.015188968456422813,1.0,1.0,12.585814568963432
-1.0,0.998472876571223,1.0,17.097953169604807
-0.192169774339787,1.0,-0.0145975647526011,7.394504897072476
0.8075327334844997,-0.049117322590696455,1.0,3.2951385986267625
0.125062896125665,-0.14657970430940326,0.4506114250199773,0.16925410268783186
0.4220644347378033,0.3789747347621597,0.15429890612037567,0.20621170005933243
-1.0,-0.13591752418840075,0.0203960273571393,-3.817808508504866
0.12274653287517157,1.0,0.12397070494966167,7.94851415618966
-0.14074003707428218,-0.29343761830189674,0.5385278369744562,0.17353096240277066
-1.0,-0.023309151935742012,-0.04649978100583785,-4.1682782003326375
0.3370320510519511,0.14563294399610327,-0.9742780412889329,-1.9461561291751897
0.9516975007749318,1.0,0.2881346178910793,11.13632339779059
0.10327740519081252,-0.7083410553049252,0.19209083779080727,1.4075089905841736
0.9155890047363799,-1.0,-0.14101561600911516,-6.50987210673466
-0.007259661225315517,-0.8501956011864764,-0.18595918814727375,1.630547986322672
-0.7103242869014346,1.0,1.0,16.514354907102994
-0.6931989358595718,0.5916235140600206,0.7954090572948849,0.08325818359375145
0.1192704856326885,0.7345705795996043,1.0,6.240572225044237
1.0,0.15409480385370977,-1.0,9.77099794777933
-1.0,-1.0,0.6736457485927496,15.555868660069109
-0.1593237399268197,-1.0,-0.5329968619562171,-0.6437389144153095
-1.0,-0.288641136971004,1.0,4.6010069197693095
0.27116152116197334,-0.7131291990449002,0.5484140403003037,-0.33969348701392243
-1.0,0.3708981934515889,0.9072855842907639,0.7680797201667021
-0.03248079878635979,-1.0,0.017321725385063713,2.597443793651443
-1.0,-1.0,0.22605304148940686,9.59555869182066
0.23981078017351964,-0.6215596040630567,-0.06460379230441093,1.5710525439794913
0.36839346442297294,-1.0,-0.1648717574341374,0.5893048417598671
0.331818660362005,-0.05890100678386978,1.0,-1.049282610652809
-0.8577370144323506,1.0,0.9222453678241025,9.443821467610748
-1.0,0.0784939941387004,-1.0,12.181333795956192
1.0,-1.0,0.1621133894989102,-7.604612480586047
0.7529707428857879,-0.1260514002839792,-0.12021847571386535,1.9259791046148456
-1.0,-0.3032085136049789,-0.6613294407836181,-0.4084079732669184
-1.0,0.07176434960213829,-0.8971553282516904,7.4707203163026445
1.0,-0.3778058766208894,0.6029810882437181,5.440542353906946
0.14263312065115707,0.8591135965999186,-1.0,-1.4575590980023243
-0.027149195914405677,1.0,0.058351136372842616,7.564258419615702
0.18186321181390408,-0.5227158638902196,-0.5529758362492687,1.0772270566613011
-0.4847796679347456,-0.06416188492966035,-0.27087555807561636,0.2730585200390652
-0.14620077421807065,0.06885721832327207,-0.8175797108919785,-0.6312804620329966
-0.6875808902197118,-0.14003468373773043,0.5970038737662495,0.3325493944100563
-0.4627624568408977,1.0,-0.5439906705310977,5.8209913425509905
0.991017521092177,1.0,0.550817799378214,13.468186015059505
-0.33974546529868155,-0.7214355984362639,-0.39580303861500665,1.5530451068410207
-0.8354194936445811,-0.7930101285144837,0.37983308640793956,4.323950127169419
-0.8306076631339303,-0.3517968007990768,0.9262186559122187,3.3363987536689454
-0.3195220610637739,1.0,0.4967198812574385,7.050396420818069
0.2987279675133767,0.6944743161934082,0.14873205621285246,2.223857344508929
0.811306072789413,-0.3006182606599146,0.212638774269154,1.943908389044332
0.363753601362917,0.34399241041139184,-0.6100176031156208,0.24049494155191553
-0.8424272392409291,-0.49144068582552025,-0.021183028281832605,0.9004801487064849
-0.48772954757244436,0.5091071362388262,0.6118343938632402,-0.4300329652781758
-0.7706045206323695,-0.29578527850374425,-0.9820527547648703,2.9659945487168535
0.11294178211842554,-0.05343310452087513,0.23979383063526782,0.7537065752803719
0.6834262642115014,0.1801940115217835,-0.9315151564519126,0.02335980195415177
0.20730404763424382,-0.12751066190150695,0.6742341525324635,0.019976381307192148
0.3685228951821451,-0.7110977465652482,-0.04067843524303094,1.5079616998068601
-1.0,0.9995942880759898,0.5602598722322814,1.4363476523115668
0.09417475993458058,0.6760600945060189,-0.3857004118680569,1.1831381912966967
0.21952287837905105,0.6949947789068933,1.0,6.078659877151289
-0.5097253613968822,0.48886234836763,-0.21129779300081486,-1.2633819437991862
0.24512684865438628,1.0,-0.9302735853531467,6.838887930434796
0.3438651133832431,-0.1745329855048976,-0.10623598529153822,1.1405482348760119
-0.466111891905411,0.04190626576814216,1.0,1.909902864197191
0.3175280187563865,0.4501477545866457,-0.1715704074770723,0.29080817173693685
-0.18308208186568975,-0.07635500581952726,0.8081809024876394,-0.018232469785455202
-0.49093301952007407,1.0,0.8370084076971873,10.313997780522351
-0.9189079198268701,-0.16190044919977997,-0.5523432291540347,-0.30349458041178407
0.09838149720651868,0.39263278000970603,1.0,1.997872718390639
-0.361708163214544,-1.0,-0.42188890540618895,2.26285058751752
-0.43406151127264825,0.25365944263483153,-1.0,-2.37174439638415
0.9155976348735586,0.2161906781271563,-1.0,5.28693578837222
-1.0,0.5724822679648516,0.7931662674057316,-2.087306362377689
0.18632657652313145,-0.3894682640102105,1.0,-2.395189608031078
0.49644514985514343,-0.3766732553040453,-0.2385460090713052,0.7167750949491924
0.6749962209636398,-1.0,-0.9315126790801151,-19.073156761141547
0.36272088908377076,-0.46608809727528433,-0.8275036338417436,-0.6097671783238564
1.0,-0.5072357466745161,-1.0,0.42735970338777873
-1.0,0.36683160180332175,0.6892932798429288,-3.5279504246435867
-0.11096799611247343,-0.0495453413404614,0.6405909821624685,0.5651105190953416
1.0,0.8792557761315489,-0.4858570879571267,11.872930315303726
0.13682532443300222,0.7455281590287401,0.6035783620718926,2.194645748555237
-0.8691784888775091,-1.0,-0.5676747666032267,3.811475875194604
0.46112204319682615,-1.0,-0.12603283993416037,0.2608490640357307
-0.7394991039877044,1.0,-0.8587221831017249,2.5151504747476263
-0.41235673070531065,-0.5007449075320114,0.9144499611346046,0.21736804737017604
1.0,-0.957731425081177,0.2370825678567796,-4.936244515708945
-0.47108103760905307,-0.5855744746123281,-0.6436777094142949,0.9852612823621378
-0.047689551222713344,1.0,0.021939488815283736,7.845652771225937
1.0,0.5862455678302856,0.7194858600503169,13.805650279193886
-0.6987407100100032,-1.0,-0.17140897302592606,5.044196471340951
0.35552786399295067,-0.3957628522086749,1.0,-1.9564487750903132
-0.17339999304092113,-0.7876547000929723,-0.5896469006914284,0.5373265445065256
-0.2579786884102615,0.46679837756185516,-0.872225671095342,-1.315700784427685
0.40861304182019453,-0.6938508169664097,-0.322329074389722,1.8175953004190752
-0.057045486048825644,-1.0,-0.6342270031535175,-2.3851093272735078
-0.21153436622821786,0.16196522116466872,-0.14552421893911527,0.25112972165683944
-0.15727054906502813,-1.0,-0.7511711266155401,-4.645469768977112
1.0,-0.3869156133298022,0.0996634616770502,4.82796651216213
-0.6180723493161415,0.2217938549635674,-0.5383537265790521,-0.2577086797146676
-1.0,0.5646857079724878,-0.9348396985053615,13.89547409576075
-0.8146476804589029,0.7382375463196238,-0.84142152455572,1.1219522718141264
0.8154238567071181,-0.21598289883729183,-0.8631979174876576,2.4398502665699873
0.20536734703188286,-0.5933921247945233,-0.4538580921739448,1.6662005977849863
0.07985540713985384,1.0,-1.0,3.576613604488116
-1.0,1.0,0.7641902035527992,2.3181340748379933
0.3038236097493259,-0.3602026773216167,-0.9000203646386655,-1.4057981284470258
-0.0965650896219965,-0.6930719042714502,-1.0,-7.837699378752058
-1.0,0.17986604001166961,0.02122562782685855,-4.138045831418219
1.0,0.5803713013771423,0.1549357432016396,8.04730190114796
0.7352003108152634,-1.0,-0.5862441627609316,-6.844539091447897
-0.011804842855212438,0.7572228365547964,0.4874903788997742,2.451345945241486
1.0,0.6193324291653046,-1.0,14.19095808533151
-0.095390842202288,0.3668607100929804,0.23468222921367077,-0.022877885952200243
1.0,1.0,-0.40509885551553304,17.96200560907775
1.0,-0.4415077703923638,-0.7913587674108102,5.794214574593289
-1.0,-0.3691583985072664,1.0,7.382939533277164
-1.0,-0.39459796293812066,1.0,8.08498696443208
-0.8908203662928411,0.15657217068956286,0.25084887305637205,-2.8938080568857805
-0.37515920829244087,0.2291605576551221,1.0,2.249282847116846
-1.0,-0.1048043998371131,0.11573003064863552,-4.375214111483398
-0.14226352676005516,1.0,1.0,14.418422300348583
0.2572522652814404,0.20450341520628146,-0.18298600565987333,1.5761678098010514
-0.03544682780595343,-0.7319486036873806,-1.0,-8.032271382053693
-0.04770676488539394,0.38442302592382016,0.7474561718729849,0.35129755952402264
-0.3344912613656994,0.7220833790911116,-0.6008489137797404,0.2618888945037906
-0.5481404452239749,0.6119572524088752,-0.6160437969728345,-2.4453681403624623
-0.7176613943721637,1.0,-0.0064223272613019855,4.017579985818988
-0.2789415822487138,-1.0,-0.2366093226848507,2.076261429752136
0.2915321817771346,0.34412407784124377,0.7819988447803046,0.1791880072426203
-0.6285411221317787,0.8555965974470556,-0.17915769267391712,0.06247892227239085
0.484643268899583,-1.0,0.31500821973811477,0.4558826805996672
-1.0,0.6120963445668375,-0.6889667771144841,4.950423261001042
0.006166249487593811,-1.0,-0.5119073611702001,0.3275757776567003
-0.5146389775127067,0.9222547663991403,-0.7554964117552601,0.7929743698436751
-1.0,0.5274798069265332,-0.8195960986975346,7.537594428923288
0.47952891798464914,-0.06480647083130986,0.10713697437814673,1.2665487359186138
0.08212260506489377,1.0,0.03222873801913151,8.322918055131703
0.07674550294508098,-1.0,0.8490305874701538,-3.836150203479187
1.0,0.29393811939811787,0.24546081735829306,6.525443027644967
0.5170947798925412,0.059471429946502896,1.0,1.2159892165425799
1.0,1.0,0.21383242572056904,13.775826468400249
-1.0,-1.0,-0.030572153203958896,7.637041865859841
0.9960021339327911,0.9439032996994161,0.8317063087067926,18.890153771142845
-1.0,0.4287404547237821,1.0,4.116986783939815
-0.5875862447420837,0.9309059255688341,0.6136158145036374,3.696086234711329
0.3061281448069473,-0.2742953627785967,-0.8002629531989327,0.8268257865036583
0.8765693741779608,0.17764149526629947,-0.39727953115748216,2.771514381696978
-0.4904872978267558,0.3073222158073745,0.3361729019664341,-1.0955597032850513
-0.49995894471914526,1.0,-0.8003278019344489,3.834463788985034
0.8821461381083109,1.0,1.0,18.33054873449821
-0.7632788692134211,-0.38012792891920233,-0.23162121398126456,0.9935930110389053
0.5249371053154981,-0.0626455916267068,-0.18980487057505258,1.5277256802245323
-0.5970540741389783,0.32109406233639715,0.12993169514282776,-2.266899246993211
0.47776980754184994,1.0,-0.7381213999356449,11.401627095271982
0.3572822011925141,-1.0,-0.043496688637331804,1.0890756367736243
-0.4392525733229369,-1.0,0.857787746081335,-0.659812431749893
-0.005853326288340233,-1.0,0.10027700376759818,2.4310818477000167
-0.8856048394685307,-0.1268479083443268,-0.1629148478078173,-2.373236551436046
-0.576887105841005,-0.747447303220306,0.9741252680123325,2.0112705211606454
-0.2941544411922432,0.01650849163879453,-1.0,-2.5476541986407852
1.0,-0.005374681257745539,-0.1560636878142625,3.69455343917655
0.35837361367214915,0.29751375919632417,-0.012179060189181357,2.173132496888283
-0.19282383128859015,-0.20880925073152912,-0.011251825056765918,-0.26052263432797584
0.2724521003635081,-0.44679990713828244,-0.3481181837430982,0.6784395628853562
0.6383200326800971,0.44089922473617316,-0.014907853550250039,1.7360146542135446
-1.0,-0.024840204168929736,0.22673036599467977,-5.015296400617357
1.0,-0.5178002863999285,-0.6331130208289837,4.825638899939303
0.015570794510033847,1.0,0.40441935623881764,7.921606933259847
-1.0,0.4611688361183668,-1.0,18.274735770889226
0.6271967694265908,0.00018988155166899112,0.32569233908819584,2.370628248601099
0.057230093518701786,-0.12648410682694466,-0.32625325663058913,1.5396989698264567
-0.7622101723454993,1.0,-0.4722739960607665,4.472211010399404
0.3789814456462517,-0.9537313316571301,-0.2704911806805337,1.3098432682385088
-1.0,0.6365493269257749,-0.016568187830179326,-1.9559044956950764
-0.38708786239981574,0.02681448321436819,-1.0,-2.37947383153575
0.671494892233099,-0.5126630647433001,-1.0,-6.670042574435832
0.6481502084532587,-0.2537866467884875,-0.2536604456855631,0.8077675420920889
-1.0,1.0,-1.0,21.879115715067112
-1.0,-0.17605188662471205,0.26801353085694,-3.607298760292852
0.2832415653314153,0.5173845563770878,-0.4404772592442372,0.4555781736064666
-1.0,0.9455138740837739,1.0,15.216099802636787
-0.3983411512465205,0.1383718205915181,0.8480605305054636,0.08178504675462492
0.09725306944851453,0.12228966530532004,-0.688111079839707,0.4139495405023682
0.671536810070847,0.4405422608602083,0.3714707351551747,2.1168250846897823
0.7799857880749403,-1.0,-0.11694106637740731,-4.468515206295453
0.43271446483204246,0.3872047879054141,-0.013498367410825551,0.7547352254557967
0.024214052364644578,-0.31239432438164516,-0.2880137285296671,1.4214515281358986
-0.09890340366161965,0.2435984254834005,0.7334611356585432,0.11467213364787138
-1.0,-1.0,-0.8780506078108015,2.9256287555202127
-0.8387080980663244,-0.24485477143165446,-0.9098876365360726,3.514652582022029
-0.28011797637618274,-1.0,0.08829988375005904,2.976549516609734
1.0,0.036987753420013814,-1.0,8.639614989446564
0.9903050925780972,-1.0,0.8104406637144921,-6.701948498851158
1.0,1.0,0.1544350249525659,13.890550336350666
-1.0,0.7519556244814734,-0.5204917474537425,4.02651119575536
-1.0,-0.6389934794921575,1.0,11.429659410217214
-1.0,-1.0,0.09015925791178914,7.725043626746698
-0.3986954243918266,-0.17659553930179706,0.6492849821366331,0.3472937637550171
-0.8007141392080048,-0.8010433213936321,-0.14757863153347217,3.190733625207972
-0.33757149410856213,0.11259324404169369,0.1508352537900668,0.0571755061599758
0.3150212776370065,0.8366832038444101,-0.25331620676667677,3.3340140743513222
-0.3341076670422938,-1.0,-0.010676585915112335,4.200772181789775
0.8184721480177841,0.31014270129587684,-1.0,2.3019763929163064
-1.0,0.28850541414818864,-0.9429632871781659,11.248401306499943
0.639503896446312,-0.6947177728960809,1.0,-4.207048832912587
0.007158351198169655,0.789152094203537,-0.24063531915269776,2.1002483958824314
-0.1284307402570246,0.6374360113180337,-0.8972579468212318,-1.363364747192397
-0.257027697799739,-0.7257206068605797,-1.0,-7.18309813069713
-0.5580827707067284,-0.836590991518323,0.39825981991900705,3.2163337351279098
0.635464804314964,-0.23605718029517941,1.0,-1.6197189991175156
-0.7308505637095386,-0.4600709088156547,0.2832235901329574,1.589483378213845
0.10071628693578338,0.452820540304792,0.10988105430103334,0.521635370756158
1.0,-1.0,0.644370282729233,-6.119054435608894
0.3533802972741076,-0.9792046575040401,0.6346125588677087,-0.3129158160049519
0.11336492792190112,-0.718583298975084,1.0,-2.925917720341676
0.8476082215658598,-0.2050583164887796,-0.9991121183960379,-0.8144082053767616
-0.8620282772480461,0.2355363227831584,0.1759776718547359,-2.406535793432071
0.5584399935769215,0.9178599344368896,0.7423816595963648,6.3532629225959765
0.6290773989133491,1.0,-0.06459566508188797,8.291163931254093
-0.3338330940470353,-0.06987465879865828,0.36001009926508276,-0.28221259702269674
-0.7987470328038497,0.9698123995400494,1.0,15.270369461825968
0.8868597949602288,-1.0,0.7271097996541789,-3.8532706399001353
-0.9518757044554895,-1.0,-1.0,1.354949656966701
-0.7779427994942636,-1.0,-0.315534549821918,5.557998149174916
0.2711549051900004,0.7291140514086567,-0.4534490105765392,1.2489466925629729
0.028833868407557306,0.3750232241739253,-0.05068269210369425,0.2432133153340942
0.8572838046930447,0.682766341082065,0.1521484940140263,3.935547283179637
-0.6880056375251526,1.0,0.6842553605308965,4.796582334162585
0.17119839490980038,-0.06356486170131137,-0.6538379066591575,1.375909246888792
-0.8778448836511934,-1.0,0.5616554995557206,9.567106754202344
0.9117572013029684,-0.7577820606609988,-0.14917866257497048,0.9409526040530981
-0.39626242505580533,0.6378189083604395,0.277263517928962,-0.14993142791863134
0.552507947723478,1.0,-0.15632058150981454,9.003590381612032
0.4615185783770539,-0.9333958612012729,0.44245941761588115,0.5970576093410833
0.043422745126258766,-0.03098896493931136,-0.7512617730919313,0.8075890184547745
0.6691694950074114,0.7847600589222419,0.7007260408090823,4.876388403246988
-0.6287434330437955,-1.0,1.0,-0.04999465489232055
0.26338480887229676,1.0,0.6714404597925505,7.74755050487476
-0.23220172175688591,-0.1953984615885711,-0.45936920492673483,0.6607289185843213
-1.0,-0.5530613909630575,1.0,9.859386369791228
0.4671600486229126,-0.09921856105586935,1.0,-1.5779374253049503
0.5942983252711673,1.0,0.01764852443081133,8.258515277770908
0.9811736681940448,-0.5007910947571486,-0.3076196061350669,3.510596719803714
-1.0,-0.7830542507671729,-0.3043194007746659,1.9983337262858578
0.34103836747158733,-0.2344707550600751,0.99044430228553,-2.000243837848778
-0.10815508738830348,-0.09576493070821979,-0.06485863177578732,1.0576501204806554
0.3125453702316616,0.0504657714962089,0.9811794480991918,-0.16553739742763185
-0.8651752714319538,0.34630399930229183,1.0,2.926359307477028
0.23658276670510547,-1.0,-0.4768226953301067,-0.6533704291210424
-0.30358271930354674,1.0,1.0,14.646623588424035
0.9198706005678501,-0.5416243937261565,0.303247420046183,3.352521518733364
-1.0,0.06094494279084506,1.0,4.341175545058832
-1.0,-1.0,-0.15747740031295665,7.4114812495924
-0.5170200973307784,-0.28872612195751146,-0.04877466050054391,1.1106260395147605
-0.4284269192871155,-0.9430570155063702,-1.0,-10.948920597153924
-0.7132246566607088,-0.2182940986868256,-0.4931555493177582,0.6172083685601857
-0.11962456178376235,-0.2741438418687019,0.5583167828881213,0.08067812356937665
-0.464702455276611,0.13655174269243142,0.28901977545604907,-0.30109688779789046
-1.0,1.0,-1.0,21.352816962995345
-1.0,0.48240315547367185,-1.0,17.035184851091625
0.0328139432951986,-0.2755404465277729,1.0,-1.1577239090893783
0.883534935958266,-0.5278295425554715,0.3761728674465634,3.0052309617931434
0.2654231342870701,0.536168718388359,1.0,3.528377506633983
-0.07428244896117286,0.24113489529667165,0.08529557913281072,0.12112539428267916
-0.2921909748262099,-1.0,0.5917856591560355,1.7156148805633502
0.24686661878213556,0.9439414206449781,1.0,10.342542266112327
-0.10990878648188196,-0.4620576534736165,-1.0,-5.53977250449193
-0.5426242886820369,-0.6215479572903848,0.22249106313313094,1.2095060224451786
0.5243343311570758,-0.37590299031306507,-1.0,-5.588683594949027
-0.6864253951201529,0.8655660844137196,-0.9904373203836601,-0.9295434474429267
1.0,-0.1206501251299752,-1.0,6.645460497132035
1.0,0.12151974026429446,0.820876827822419,10.988482400808557
-0.6330565068918361,-0.9897319304294752,0.10038813445181738,4.372455352748817
0.46885195171868843,0.740585562980135,-1.0,-2.07087793134705
-0.6895710152222365,-0.6586120842269707,-1.0,-1.473709777186293
-0.063310907787816,0.5703815820284024,-1.0,-4.651873506729802
-0.4303991213075369,0.10216702689926871,-1.0,-1.4481585686166476
-1.0,-1.0,1.0,22.35192516060742
-0.19888173609571536,-0.7400699729409013,-1.0,-7.781531904429239
-0.5819203611212016,-0.3325947761860901,1.0,1.586918035874959
-1.0,0.3893597947141183,-1.0,16.580221993043352
-0.07518449246767078,-0.5539470971755625,-1.0,-5.678069877749597
-0.2583481635309659,-0.7222513980167098,0.38935660949609474,0.9937689492830489
-0.14686076775432344,-0.005952266477378121,0.43555200049570586,0.8256186187474205
-0.1654170184194126,-0.08699652929258295,-0.791622845665958,0.004730726784529057
0.2006060864560888,1.0,0.8849299100786827,9.832276849774706
-0.6422379556560613,-1.0,-0.03390026610695984,5.176140348202007
1.0,-0.2621960403108681,1.0,8.303938958135546
0.8556387692740584,0.1524816131474933,-0.7008607920664662,2.676596148565756
1.0,1.0,-1.0,38.30010662992843
-1.0,0.23317394366220312,-0.66102220214068,0.9207335282781645
1.0,0.7745247033758993,0.6998843872149949,14.437118659076168
0.9175918372243346,-1.0,-0.8697491010372975,-19.297037937602695
-0.3494459954627471,-0.9187880267476609,0.8004578597477741,0.09701939045577399
0.6019253238729012,-0.3290741129408581,-1.0,-3.8058152389816837
-0.1283981905345064,0.47234899237862416,0.697910686923549,0.943795593694597
-0.29473891112091133,-1.0,-0.30434695035499204,2.006297486627993
-0.3127030443835963,-0.15728870736804268,-1.0,-1.9237170170365328
0.9090034284998751,-0.8139798362648358,-0.522226544517234,-0.1961733129438087
-0.505095477248291,0.3080904466530341,0.2763859471915586,-1.4793888918932288
0.533800154189122,1.0,0.13292502191268651,6.6667871621138985
-1.0,0.5264365879465149,-0.41880973586676484,0.16529128909013097
-1.0,-1.0,1.0,22.317457545553193
-0.7030152627315363,0.4157053757798752,0.24875449871679178,-3.001183741404102
1.0,-1.0,0.1830404730678623,-7.1933022534885085
-0.014720024968612133,-0.6955595273129165,1.0,-2.2695390044795656
1.0,0.5409135618196157,0.6072954842067309,11.766560367348163
1.0,0.780855412240351,-1.0,19.546715487762764
-1.0,0.40684947667870563,-0.8100037141944973,6.353643888540436
0.5001264219687447,0.2176357639325166,-0.5209829681935767,1.2710236305512879
-0.9131394675447064,0.010709864365862742,0.858255402602262,-0.6681698781262214
1.0,-0.9079579627616674,-0.7557753169618331,-5.6123505189816525
-0.22084319795667762,0.6074929797590867,-1.0,-4.7088472981802365
-0.34184902450599,1.0,-0.6874445231838162,6.849199061963489
0.6156933467464325,0.2979364669835509,-0.8979059267678984,0.5450765239453943
-0.9419455740067857,-0.07846890390248973,0.2891181152902773,-3.3027523746630876
-0.04085147938916589,1.0,1.0,12.7926775818738
-1.0,-0.21253990553434976,0.3178412933728956,-4.469244296745801
0.8922039333462866,0.08640964613843849,-0.7368639578781568,3.6055356184894607
-0.9283649929395683,1.0,0.214033564233866,3.452460999946944
-0.7643420424903198,-0.07398559515275438,0.40753919531892513,-0.41568746751367314
0.8615922168094676,-0.4969125403246719,0.23590937547297708,1.7140404135292018
0.9634880804967594,0.2610045998207824,-1.0,7.967963114510362
-1.0,0.4733321822640326,0.5982525221769308,-4.4275801177903915
1.0,0.035702850098375594,-0.7569944535921667,6.035035566698967
0.445721461812147,1.0,-1.0,6.246001734804079
-1.0,0.7277776725837057,1.0,10.167440057799444
1.0,-0.8255852783661599,-1.0,-9.09215065194254
-0.4877936683287807,-0.43683841235194754,0.6352799413476744,0.21195334683394024
-0.13850586203609394,0.32282543824813525,0.7963343672243148,-0.05229252653565608
0.41275551542928657,-1.0,1.0,-6.979326190544748
1.0,1.0,-0.5162806576606844,19.949962187724672
1.0,0.5974268755788241,-1.0,13.64810666728612
0.14390567373139795,-0.7224468667989059,0.27696517812009835,1.6766256680548834
1.0,-0.6137754969477887,0.8431057906754449,4.464411527204296
-0.018145756970540994,0.2911736328894994,1.0,1.9371783474870239
0.2575739880606138,0.16779432192407362,-0.9497078937730219,-1.2826436299979365
1.0,-1.0,0.39380945742604356,-7.436253102524337
-0.24802321380237546,-0.08735889391382745,0.19434151972429636,0.27934675452520874
-1.0,1.0,-0.7357557148045657,14.396156371394929
0.015529577852824161,-0.30972059499360527,-0.1079137063046458,0.1919476142811638
0.7418802277784795,0.1344425690250579,-0.28632153953987194,2.009827687431952
-0.10290587911464866,1.0,0.8112664260809781,10.560382594244844
0.5299209406585652,0.7084508879275142,-0.33666142049933656,1.8507678504132254
0.682240233422402,-0.23781871341189942,0.9917673153098538,-0.44101379884324
0.3962729554186044,0.18385673169479433,-0.33944750131123014,1.0319083236299136
-1.0,0.7044352959897566,0.10771584841236281,-1.9977464292155402
-0.08196444155012905,0.40874011753876793,-0.06608401561050647,-0.6504660309799989
1.0,0.5098550298318585,-0.03684186267897305,5.8264659453029495
-1.0,-0.15446661537605655,1.0,3.6796873301771917
-0.1975577704576812,-0.3596466830732308,0.2857191991685033,1.3675608106384793
-1.0,-0.15432946292574967,1.0,4.1586949109329545
-0.8167976666207171,0.2455396005824364,-0.8369939934141069,2.587727864275503
-0.30371627451194905,-0.3030303279256832,0.10846800959125602,1.0524276388423421
-0.8474780852242474,1.0,0.3676542937516356,1.6918027257430581
1.0,0.3195476344328072,-0.3720218983880148,5.402570513965583
-1.0,0.2533309633619747,0.1468267421741718,-5.415062648370558
-1.0,1.0,-0.5670100121813288,12.591116477292692
-0.06806244547150175,0.6630747985242331,0.15664575238513345,0.6854384913943301
0.10600119764327154,-0.014895646586174038,0.910096737735556,-0.4444205387743801
0.5944650185373415,0.9164430000327817,-0.7964009060836468,7.59767332916951
-0.7596133333876223,0.08460683559692694,-0.06391676957035397,-2.3882500055590503
0.20438871590472218,1.0,-0.9035340394284939,8.318911573234887
-0.8388134735516573,-0.4916918385592146,-0.34022464275496334,0.5218796921698445
1.0,-1.0,-1.0,-29.86349203301818
-1.0,0.8780845464526754,-0.4711632830106258,6.6296702511907055
0.045530065087757476,-0.22327521171877818,-0.6510479684091184,1.523549144117041
-0.46151136134807347,-1.0,0.6971918699891699,1.576432146473073
1.0,-1.0,0.13497397935439115,-7.774503666909252
-0.067972001911905,-1.0,0.7892772088080959,-1.6912171769190154
-1.0,0.9479947417148673,0.086020119710013,5.246241433921922
0.28876289708519765,0.5548466240394043,0.19898588963675867,1.1137211059976206
0.5876912385979369,0.8553108198203045,-0.3126789270790722,4.514509221570319
0.4969160908992789,-0.02990157436037455,0.2952130964592925,1.43301726679124
-0.0800825097482023,-0.7917176176379686,1.0,-2.6472686969207793
-0.4484234778552747,-0.18799847530104774,-0.21888168506506966,0.15587012913735493
-0.05135378537217905,-1.0,0.003881341566450258,3.484746493686753
0.32374986142061957,-0.058118553914805915,-0.8116660184635722,-0.20728362810789336
1.0,1.0,0.44886574404246926,13.796465318747716
-1.0,-0.009913312887142034,0.7156199911661763,-2.58859301453053
-0.1670096630459974,0.5238704136247261,-0.5140287871858313,-0.8558122413766802
0.19962946536408532,0.9853284391676005,0.956299009100505,9.27605827700798
0.1168407639287008,0.32881013560826955,-0.9485039243812479,-2.055028986054821
-1.0,0.5238341126131294,0.2807350819820915,-4.332110458721958
-0.4679252344954281,0.9239971787966432,0.8162881844386691,6.492256967438008
0.3485407528698481,0.6620316914075886,0.16474021959133256,1.5667407621256089
0.45808778705594455,0.4336607538846562,-1.0,-2.9312763138103963
-1.0,-0.7900873247860529,0.4261217817794596,6.221207546930742
0.6369224588057576,-1.0,0.6958477871332858,-2.112601556881741
-1.0,-0.815433470960123,-0.28415942026156515,3.0344775772100756
-0.2871375939894705,-0.9263441676716497,-0.17912127289276403,2.5729617885185614
0.48063948899444764,-0.3838640618542086,1.0,-3.355989869922437
-0.29850808043190247,-0.6320298514772946,-0.12611362011562588,1.4069411157080576
-0.20220931679444565,0.364799463861722,-0.35194180651363305,0.20110384030639517
-0.20437884057975086,0.45444102835236144,-0.1407707159455609,-0.24283907684712608
