degree,alpha,train_mse,val_mse,val_mse_std,val_r2
2,0.001,2.7477836473230552,3.002491466160005,0.3130246259433328,0.7050140653415053
2,0.0031622776601683794,2.747783647512118,3.0024909663780437,0.3130247941064153,0.7050141210785285
2,0.01,2.7477836494026664,3.0024893873775147,0.3130253259681235,0.7050142971924581
2,0.03162277660168379,2.7477836683057144,3.0024844086248588,0.3130270086959215,0.7050148526937332
2,0.1,2.7477838572589444,3.0024688092000726,0.3130323382797187,0.7050165951522263
2,0.31622776601683794,2.74778574435222,3.0024209246677254,0.3130492751299397,0.7050219636322738
2,1.0,2.7478045385085976,3.002283871899206,0.31310366368812703,0.705037531555788
2,3.1622776601683795,2.747990086894933,3.0019916857712077,0.3132838644180176,0.7050729196687201
2,10.0,2.749773202344811,3.0024045953891347,0.3139330718732233,0.7050537769579563
2,31.622776601683793,2.765603178916836,3.0150318219049637,0.3166953014145123,0.7038832406726452
2,100.0,2.8800831705273207,3.1254418529292116,0.3302485368148499,0.6932652994601907
2,316.22776601683796,3.4292647665348257,3.6725755529938797,0.384333637595477,0.6401416759000187
2,1000.0,4.90446945282087,5.125915579005532,0.4919873987300314,0.4983801590107356
3,0.001,0.7764064489691653,1.0051604951824236,0.07594647715444842,0.9009786155059042
3,0.0031622776601683794,0.7764064504983412,1.0051591227624028,0.07594775552005785,0.9009787705676597
3,0.01,0.7764064657818789,1.0051547968221304,0.07595179718195383,0.9009792595349182
3,0.03162277660168379,0.7764066183578676,1.0051412570074667,0.07596456922100787,0.9009807920056551
3,0.1,0.776408135968922,1.0050998304245076,0.07600487081028383,0.9009855012869123
3,0.31622776601683794,0.7764230596582107,1.0049824189481524,0.07613147607397078,0.9009990554096176
3,1.0,0.7765648081545795,1.0047379166111496,0.07652436871500895,0.9010294285751941
3,3.1622776601683795,0.7777862724923101,1.0049990864056901,0.07771487843124818,0.9010234016635946
3,10.0,0.7862438217109292,1.0119752679747658,0.08131639042650707,0.9003942082883418
3,31.622776601683793,0.829999783258251,1.0572245078642217,0.09308052735219566,0.8960794060180104
3,100.0,1.020524755308845,1.267550270741181,0.13239098557929257,0.8756644089194495
3,316.22776601683796,1.6900992690687022,1.9878160263835938,0.23801306157078922,0.8054098363293931
3,1000.0,3.2736783124257296,3.6026573203016556,0.4067629671240891,0.6475952668215897
4,0.001,0.37229734699026196,0.8271986479761543,0.11832211571126117,0.918306313086179
4,0.0031622776601683794,0.3722973530283874,0.82713350619353,0.11831076241058434,0.918312803512508
4,0.01,0.3722974133034799,0.8269279250430653,0.11827493092341217,0.9183332868994594
4,0.03162277660168379,0.3722980127221093,0.8262819436424544,0.11816232296394581,0.9183976525143858
4,0.1,0.3723039039529814,0.8242795017444078,0.11781302739308053,0.9185971981723715
4,0.31622776601683794,0.3723597837725435,0.8183241202241809,0.11677054289033541,0.9191908640964853
4,1.0,0.37284036820917615,0.8025917356415102,0.11395690257384727,0.9207608036386206
4,3.1622776601683795,0.3761579938486305,0.7717620169895428,0.10779987097368048,0.9238475541763074
4,10.0,0.3923008657034505,0.7422723131143913,0.09874423361934007,0.9268487170459042
4,31.622776601683793,0.44687031778718944,0.7663050254888565,0.09489914548085346,0.9246212248910177
4,100.0,0.5938410349959931,0.9108195953008411,0.10421406585497626,0.9105118798601579
4,316.22776601683796,0.9411504835498994,1.2671007778722145,0.14431135550940716,0.875533166210643
4,1000.0,1.6880198366132584,2.0208610053394973,0.25131509255784784,0.8017285851032068
5,0.001,0.11236294519859977,1.557143145416017,0.2686928925718935,0.84660177345379
5,0.0031622776601683794,0.11236396864907865,1.548630617713434,0.2653781344451192,0.8474440734122265
5,0.01,0.11237366309279836,1.5228967675487333,0.2555489738868642,0.8499900987024807
5,0.03162277660168379,0.11245641961904453,1.4515963004522832,0.22991419737012628,0.857042051296529
5,0.1,0.11300765363736356,1.2917722270154484,0.18204389761034215,0.8728378024577358
5,0.31622776601683794,0.11541316128700614,1.045595589074649,0.135994139466564,0.8971402254616838
5,1.0,0.12209634976893186,0.799224909847238,0.11011481152880657,0.9214295208172606
5,3.1622776601683795,0.13599217134631267,0.6247508513893403,0.08302986907547871,0.9386270554989903
5,10.0,0.1621298411598109,0.5402558917995778,0.06728400476608726,0.9469824275285816
5,31.622776601683793,0.21317928516011728,0.5394668417590175,0.06686629072352052,0.9470817712726026
5,100.0,0.3186777791012317,0.6227059357367153,0.071501810754247,0.9388895269523562
5,316.22776601683796,0.5501060568134791,0.8492413891596761,0.08869565593389411,0.9166446461764689
5,1000.0,1.1137806426420325,1.448747007819729,0.16645651410244916,0.8580154925569062
6,0.001,0.0006754838433204736,46.924018893910485,21.78093867555691,-3.6372320268760903
6,0.0031622776601683794,0.0017778319468179623,32.16489334462754,14.527707738575979,-2.1734758945823716
6,0.01,0.004410091828437211,19.280689387848707,6.781378650764383,-0.8984151336878569
6,0.03162277660168379,0.009798326169421402,10.205444355650984,2.5663729890944826,-0.002329890871255073
6,0.1,0.018860980922683544,5.017908999402156,1.1305829242304228,0.5080618300135487
6,0.31622776601683794,0.03202896870933545,2.4689543728961048,0.549223135998518,0.7581080116540305
6,1.0,0.049932829092261634,1.3696078323134164,0.2825227059803395,0.8657748059009216
6,3.1622776601683795,0.07412644199288462,0.8904312174618911,0.16350546510912864,0.9126462036530347
6,10.0,0.10770318306166946,0.6745875198476755,0.11846546407693857,0.9337469489601326
6,31.622776601683793,0.1599680429699266,0.6185258498517242,0.10162616744157096,0.939244133405815
6,100.0,0.25461135866825163,0.6839309766337135,0.10573428355267624,0.9328688047352537
6,316.22776601683796,0.44242723700332764,0.8665390435748744,0.12261750891381203,0.9149331721163091
6,1000.0,0.8436901906895993,1.2592692821463483,0.13236431458623005,0.8762554887512297
7,0.001,6.987063658352985e-06,10.244407858251966,4.104391261317671,-0.006659008753569336
7,0.0031622776601683794,5.111161366994814e-05,9.293980409328364,3.876158938490295,0.08814452978077016
7,0.01,0.0002580059760511282,7.751950346337026,3.406914110618495,0.24070526681121518
7,0.03162277660168379,0.0008940967117654857,6.057893740864317,2.5230778505119815,0.4064468880376952
7,0.1,0.0027043375407394795,4.4000182626533535,1.4129260963814103,0.5682807016949972
7,0.31622776601683794,0.00766689501340135,2.9150912065303802,0.6281871507974695,0.7139682740049066
7,1.0,0.018761193785120082,1.8270632835970495,0.3023687987457573,0.8209211929147117
7,3.1622776601683795,0.03890178377808895,1.1632386731199433,0.15760923019260814,0.8859901627413872
7,10.0,0.07072549343331662,0.8256778679798236,0.10208119089674936,0.9190100941701682
7,31.622776601683793,0.11900756757066804,0.7045612236078515,0.10623680429234322,0.9309278077113291
7,100.0,0.19833576055118496,0.720583053984419,0.11574598173767912,0.9294348816329377
7,316.22776601683796,0.34813417708150834,0.8346284736362122,0.11814480130226195,0.918219607182055
7,1000.0,0.6639220105478557,1.1001952936427701,0.10809843278941471,0.8920131868210747
8,0.001,2.720591762097964e-07,6.3844985715138,2.983687946557254,0.3733375550141644
8,0.0031622776601683794,2.585418321068429e-06,6.284424748422366,2.96074526304967,0.38326977567021475
8,0.01,2.2301164745856438e-05,6.0083352689800344,2.893946192355358,0.4106334738586307
8,0.03162277660168379,0.000153984780021597,5.394393032937697,2.7189740086691727,0.4712774821721296
8,0.1,0.0007608008112874856,4.437009356516024,2.323831888164512,0.5653253892253781
8,0.31622776601683794,0.0028160035216462567,3.3552724993686645,1.6358698441517203,0.6711996055645918
8,1.0,0.008588825504821597,2.3468142603456115,0.8925889459977681,0.7699762154556883
8,3.1622776601683795,0.022158238705804415,1.5819576829439443,0.4261855632439959,0.8449585179918675
8,10.0,0.048345664828494346,1.1219085004366134,0.24535411399072027,0.8900362042198484
8,31.622776601683793,0.092729481876933,0.9006114363834927,0.19232931994799624,0.9117249917024541
8,100.0,0.1670878129466372,0.8590470215881398,0.18105200874513735,0.9158680951272632
8,316.22776601683796,0.3024823240738475,0.9603123425473616,0.19858842859691037,0.9059722808737127
8,1000.0,0.5695297271956336,1.1849039812093485,0.20145073100915656,0.8837852500868697
