degree,alpha,weighted_fit,val_mse,iw_val_mse
3,0.1,False,1.0050998304245076,1.2571635731248987
3,0.1,True,1.1659320694871387,1.3516586144287868
3,0.31622776601683794,False,1.0049824189481524,1.258038195617139
3,0.31622776601683794,True,1.1634921750162863,1.3508837243673004
3,1.0,False,1.0047379166111496,1.2608670553421126
3,1.0,True,1.1565922885832738,1.3489241079259127
3,3.1622776601683795,False,1.0049990864056901,1.2702802453603632
3,3.1622776601683795,True,1.1408282892389006,1.3462224928636275
3,10.0,False,1.0119752679747658,1.3021196619211386
3,10.0,True,1.1201176139249778,1.3530879401411022
3,31.622776601683793,False,1.0572245078642217,1.4070975287311462
3,31.622776601683793,True,1.1297288605367544,1.4124275261918562
3,100.0,False,1.267550270741181,1.7555490194561412
3,100.0,True,1.2966707890649773,1.6802088514309725
3,316.22776601683796,False,1.9878160263835938,2.802930610356685
3,316.22776601683796,True,1.9265697427232675,2.5278943821959774
3,1000.0,False,3.6026573203016556,5.129969561345233
3,1000.0,True,3.3068400168861802,4.387863741896664
4,0.1,False,0.82427950174441,1.0444317781997903
4,0.1,True,1.061029666234852,1.2294071604536219
4,0.31622776601683794,False,0.8183241202241811,1.0385297928148725
4,0.31622776601683794,True,1.0433533050825499,1.212684233391422
4,1.0,False,0.8025917356415088,1.0228285924453366
4,1.0,True,1.000461627759095,1.1712583785894233
4,3.1622776601683795,False,0.7717620169895426,0.9919737180155146
4,3.1622776601683795,True,0.9262402395123919,1.0967254937920288
4,10.0,False,0.7422723131143918,0.9671072877999828
4,10.0,True,0.8528950506562567,1.025155168826968
4,31.622776601683793,False,0.7663050254888564,1.0212348341513873
4,31.622776601683793,True,0.8461391409556375,1.043579893780029
4,100.0,False,0.9108195953008411,1.2376406653255134
4,100.0,True,0.9797613359122419,1.2213772618286118
4,316.22776601683796,False,1.2671007778722143,1.7058293992094276
4,316.22776601683796,True,1.3254551385270232,1.6139445003668087
4,1000.0,False,2.020861005339497,2.7006541595419673
4,1000.0,True,1.9896107139272692,2.4165825493154682
5,0.1,False,1.2917722270154313,1.549445917755515
5,0.1,True,1.4573522724406651,1.8179391191579406
5,0.31622776601683794,False,1.0455955890746382,1.2307782621006698
5,0.31622776601683794,True,1.1335279131177236,1.401835558473835
5,1.0,False,0.7992249098472556,0.9171444800623992
5,1.0,True,0.8550310783533425,1.047271091469238
5,3.1622776601683795,False,0.624750851389342,0.7165704811566418
5,3.1622776601683795,True,0.6681116394467229,0.820760514627626
5,10.0,False,0.5402558917995773,0.6295473630016083
5,10.0,True,0.5828034919558841,0.7067595619241662
5,31.622776601683793,False,0.5394668417590183,0.6281447047626617
5,31.622776601683793,True,0.5897243086142995,0.6748906837576928
5,100.0,False,0.6227059357367152,0.6986170299329509
5,100.0,True,0.6901543794214625,0.7200857026143109
5,316.22776601683796,False,0.8492413891596762,0.9015972124598816
5,316.22776601683796,True,0.943943935121055,0.9173723520380488
5,1000.0,False,1.4487470078197289,1.562447906233813
5,1000.0,True,1.5326332637150102,1.5445721212720902
6,0.1,False,5.017908999401978,7.4364954848013785
6,0.1,True,4.721540696166383,7.078681156943936
6,0.31622776601683794,False,2.468954372896599,3.7455691946935965
6,0.31622776601683794,True,2.4027884041109924,3.627685000362423
6,1.0,False,1.3696078323134708,2.0305880303647976
6,1.0,True,1.3521791214412473,1.9880788881449079
6,3.1622776601683795,False,0.8904312174619108,1.2599847417428889
6,3.1622776601683795,True,0.8875582861661935,1.2624915396716763
6,10.0,False,0.6745875198476734,0.9159856274958138
6,10.0,True,0.7000529215205258,0.9711756103476948
6,31.622776601683793,False,0.6185258498517251,0.82635942844399
6,31.622776601683793,True,0.6742271069843196,0.9025858575428861
6,100.0,False,0.6839309766337138,0.9060022026633466
6,100.0,True,0.7635424381687089,0.9689729426960952
6,316.22776601683796,False,0.8665390435748744,1.0964872488398316
6,316.22776601683796,True,0.9677925802006367,1.1193735891931036
6,1000.0,False,1.2592692821463483,1.4556039153816727
6,1000.0,True,1.3811958236508708,1.42974098046162
7,0.1,False,4.400018262655279,7.473502132311804
7,0.1,True,4.405553501740058,7.77361850432196
7,0.31622776601683794,False,2.9150912065297607,4.793292562570732
7,0.31622776601683794,True,2.795033550031883,4.840058131326771
7,1.0,False,1.8270632835970957,2.8712501344710764
7,1.0,True,1.691099491221558,2.715659431758411
7,3.1622776601683795,False,1.1632386731199331,1.7226859317891712
7,3.1622776601683795,True,1.0735212316718732,1.5610773136090796
7,10.0,False,0.8256778679798259,1.1499485045484035
7,10.0,True,0.8075313650707461,1.122199172890077
7,31.622776601683793,False,0.7045612236078519,0.9652821727682476
7,31.622776601683793,True,0.7456525540197393,1.0350684577897946
7,100.0,False,0.7205830539844188,0.9902818352400772
7,100.0,True,0.7930816443501449,1.0450708097142358
7,316.22776601683796,False,0.8346284736362121,1.0645663893361885
7,316.22776601683796,True,0.933477564177275,1.0518423742042515
7,1000.0,False,1.1001952936427701,1.1644943761889945
7,1000.0,True,1.2478836512325617,1.1548686609700822
